{
  "n_val_instances": 721,
  "n_occupied": 384,
  "majority_class_baseline_accuracy": 0.5325936199722607,
  "classic_cv_baseline_accuracy": 0.826629680998613
}