{
  "grid_collision_rates": {
    "8": {
      "total": 4422,
      "dropped": 111,
      "rate_pct": 2.5101763907734056
    },
    "16": {
      "total": 4422,
      "dropped": 12,
      "rate_pct": 0.27137042062415195
    },
    "32": {
      "total": 4422,
      "dropped": 3,
      "rate_pct": 0.06784260515603799
    }
  },
  "lambda_coord_ablation": {
    "5.0": {
      "val_loss": 3.913318634033203,
      "mAP": 0.9672464534557443
    },
    "1.0": {
      "val_loss": 16.363176345825195,
      "mAP": 0.0
    }
  }
}